sausage,snack products,3,27,0.1111111111111111,903,0.06034886052262247,0.050762250588488635
rolls/buns,snack products,4,27,0.14814814814814814,1646,0.11000467820624206,0.03814346994190608
whole milk,snack products,3,27,0.1111111111111111,2363,0.15792287642852368,-0.046811765317412574
soda,snack products,5,27,0.18518518518518517,1453,0.09710619528169484,0.08807898990349033
tropical fruit,snack products,3,27,0.1111111111111111,1014,0.0677671589921807,0.0433439521189304
other vegetables,pickled vegetables,8,134,0.05970149253731343,1827,0.12210118291786407,-0.06239969038055063
ham,pickled vegetables,8,134,0.05970149253731343,256,0.0171088685424046,0.04259262399490883
yogurt,pickled vegetables,7,134,0.05223880597014925,1285,0.08587850030074183,-0.03363969433059258
rolls/buns,pickled vegetables,12,134,0.08955223880597014,1646,0.11000467820624206,-0.020452439400271916
whole milk,pickled vegetables,15,134,0.11194029850746269,2363,0.15792287642852368,-0.04598257792106099
yogurt,beverages,14,248,0.056451612903225805,1285,0.08587850030074183,-0.029426887397516026
rolls/buns,beverages,18,248,0.07258064516129033,1646,0.11000467820624206,-0.03742403304495173
sausage,beverages,23,248,0.09274193548387097,903,0.06034886052262247,0.0323930749612485
whole milk,beverages,29,248,0.11693548387096774,2363,0.15792287642852368,-0.04098739255755594
domestic eggs,vinegar,4,51,0.0784313725490196,555,0.037091492347791216,0.04133988020122839
frankfurter,vinegar,3,51,0.058823529411764705,565,0.037759807525228894,0.02106372188653581
long life bakery product,vinegar,3,51,0.058823529411764705,268,0.017910846755329814,0.04091268265643489
newspapers,vinegar,4,51,0.0784313725490196,582,0.038895943326872955,0.03953542922214665
soda,vinegar,6,51,0.11764705882352941,1453,0.09710619528169484,0.02054086354183457
rolls/buns,vinegar,7,51,0.13725490196078433,1646,0.11000467820624206,0.027250223754542266
chicken,vinegar,4,51,0.0784313725490196,417,0.027868742899151238,0.050562629649868365
shopping bags,vinegar,4,51,0.0784313725490196,712,0.04758404063356279,0.03084733191545682
whole milk,red/blush wine,13,157,0.08280254777070063,2363,0.15792287642852368,-0.07512032865782305
yogurt,red/blush wine,9,157,0.05732484076433121,1285,0.08587850030074183,-0.02855365953641062
bottled beer,cat food,12,177,0.06779661016949153,678,0.04531176903027468,0.022484841139216845
other vegetables,cat food,11,177,0.062146892655367235,1827,0.12210118291786407,-0.05995429026249683
soda,cat food,12,177,0.06779661016949153,1453,0.09710619528169484,-0.029309585112203315
fruit/vegetable juice,cat food,11,177,0.062146892655367235,509,0.03401724253157789,0.028129650123789346
brown bread,dishes,8,135,0.05925925925925926,563,0.03762614448974136,0.021633114769517903
canned beer,dishes,11,135,0.08148148148148149,702,0.04691572545612511,0.03456575602535638
whole milk,dishes,14,135,0.1037037037037037,2363,0.15792287642852368,-0.05421917272481998
yogurt,dishes,7,135,0.05185185185185185,1285,0.08587850030074183,-0.03402664844888998
pastry,dishes,10,135,0.07407407407407407,774,0.0517275947336764,0.02234647934039767
rolls/buns,dishes,11,135,0.08148148148148149,1646,0.11000467820624206,-0.02852319672476057
soda,dishes,10,135,0.07407407407407407,1453,0.09710619528169484,-0.02303212120762077
frankfurter,dishes,8,135,0.05925925925925926,565,0.037759807525228894,0.021499451734030367
other vegetables,cake bar,6,92,0.06521739130434782,1827,0.12210118291786407,-0.05688379161351624
rolls/buns,cake bar,8,92,0.08695652173913043,1646,0.11000467820624206,-0.023048156467111627
whole milk,cake bar,11,92,0.11956521739130435,2363,0.15792287642852368,-0.03835765903721933
curd,cake bar,5,92,0.05434782608695652,504,0.03368308494285905,0.02066474114409747
shopping bags,cake bar,7,92,0.07608695652173914,712,0.04758404063356279,0.02850291588817635
sausage,cake bar,10,92,0.10869565217391304,903,0.06034886052262247,0.04834679165129057
canned beer,cake bar,8,92,0.08695652173913043,702,0.04691572545612511,0.040040796283005324
soda,cake bar,7,92,0.07608695652173914,1453,0.09710619528169484,-0.021019238759955705
other vegetables,organic sausage,4,22,0.18181818181818182,1827,0.12210118291786407,0.05971699890031776
whipped/sour cream,organic sausage,3,22,0.13636363636363635,654,0.043707812604424245,0.09265582375921211
whole milk,napkins,36,331,0.10876132930513595,2363,0.15792287642852368,-0.04916154712338773
other vegetables,napkins,32,331,0.09667673716012085,1827,0.12210118291786407,-0.02542444575774322
pastry,napkins,26,331,0.07854984894259819,774,0.0517275947336764,0.026822254208921786
rolls/buns,napkins,26,331,0.07854984894259819,1646,0.11000467820624206,-0.031454829263643874
soda,napkins,23,331,0.06948640483383686,1453,0.09710619528169484,-0.027619790447857978
soda,meat,15,252,0.05952380952380952,1453,0.09710619528169484,-0.03758238575788532
yogurt,meat,14,252,0.05555555555555555,1285,0.08587850030074183,-0.030322944745186278
rolls/buns,meat,20,252,0.07936507936507936,1646,0.11000467820624206,-0.0306395988411627
whole milk,meat,33,252,0.13095238095238096,2363,0.15792287642852368,-0.02697049547614272
whole milk,frozen vegetables,57,419,0.1360381861575179,2363,0.15792287642852368,-0.021884690271005786
soda,frozen vegetables,30,419,0.07159904534606205,1453,0.09710619528169484,-0.025507149935632786
chocolate,frozen fish,6,102,0.058823529411764705,353,0.02359152576355009,0.03523200364821462
soda,frozen fish,6,102,0.058823529411764705,1453,0.09710619528169484,-0.038282665869930135
tropical fruit,frozen fish,11,102,0.10784313725490197,1014,0.0677671589921807,0.04007597826272126
other vegetables,white wine,10,175,0.05714285714285714,1827,0.12210118291786407,-0.06495832577500693
pip fruit,white wine,13,175,0.07428571428571429,734,0.049054334023925686,0.025231380261788602
rolls/buns,white wine,11,175,0.06285714285714286,1646,0.11000467820624206,-0.0471475353490992
whole milk,white wine,19,175,0.10857142857142857,2363,0.15792287642852368,-0.04935144785709511
whole milk,honey,3,13,0.23076923076923078,2363,0.15792287642852368,0.0728463543407071
sausage,honey,3,13,0.23076923076923078,903,0.06034886052262247,0.1704203702466083
frankfurter,mustard,8,92,0.08695652173913043,565,0.037759807525228894,0.04919671421390154
yogurt,mustard,10,92,0.10869565217391304,1285,0.08587850030074183,0.02281715187317121
other vegetables,mustard,6,92,0.06521739130434782,1827,0.12210118291786407,-0.05688379161351624
white bread,mustard,5,92,0.05434782608695652,359,0.023992514870012697,0.030355311216943823
soda,mustard,6,92,0.06521739130434782,1453,0.09710619528169484,-0.031888803977347016
canned beer,canned vegetables,6,82,0.07317073170731707,702,0.04691572545612511,0.02625500625119196
frankfurter,canned vegetables,5,82,0.06097560975609756,565,0.037759807525228894,0.023215802230868665
other vegetables,canned vegetables,6,82,0.07317073170731707,1827,0.12210118291786407,-0.048930451210546996
soda,canned vegetables,6,82,0.07317073170731707,1453,0.09710619528169484,-0.02393546357437777
rolls/buns,canned vegetables,6,82,0.07317073170731707,1646,0.11000467820624206,-0.03683394649892499
bottled water,kitchen towels,3,30,0.1,908,0.06068301811134131,0.039316981888658696
other vegetables,kitchen towels,3,30,0.1,1827,0.12210118291786407,-0.02210118291786406
tropical fruit,kitchen towels,3,30,0.1,1014,0.0677671589921807,0.0322328410078193
soda,canned fruit,3,21,0.14285714285714285,1453,0.09710619528169484,0.04575094757544801
onions,canned fruit,3,21,0.14285714285714285,303,0.02024994987636169,0.12260719298078115
whole milk,canned fruit,6,21,0.2857142857142857,2363,0.15792287642852368,0.12779140928576202
pip fruit,canned fruit,3,21,0.14285714285714285,734,0.049054334023925686,0.09380280883321716
bottled water,nut snack,3,22,0.13636363636363635,908,0.06068301811134131,0.07568061825229505
yogurt,nut snack,4,22,0.18181818181818182,1285,0.08587850030074183,0.09593968151743999
whole milk,nut snack,4,22,0.18181818181818182,2363,0.15792287642852368,0.023895305389658145
soda,nut snack,4,22,0.18181818181818182,1453,0.09710619528169484,0.08471198653648698
rolls/buns,liquor,9,103,0.08737864077669903,1646,0.11000467820624206,-0.022626037429543028
whole milk,liquor,10,103,0.0970873786407767,2363,0.15792287642852368,-0.06083549778774698
canned beer,dish cleaner,5,73,0.0684931506849315,702,0.04691572545612511,0.021577425228806395
other vegetables,dish cleaner,6,73,0.0821917808219178,1827,0.12210118291786407,-0.03990940209594626
soda,dish cleaner,5,73,0.0684931506849315,1453,0.09710619528169484,-0.028613044596763337
whole milk,dish cleaner,13,73,0.1780821917808219,2363,0.15792287642852368,0.02015931535229823
frozen meals,dish cleaner,4,73,0.0547945205479452,251,0.016774710953685757,0.03801980959425945
rolls/buns,dish cleaner,4,73,0.0547945205479452,1646,0.11000467820624206,-0.05521015765829686
waffles,dish cleaner,4,73,0.0547945205479452,277,0.018512330415023724,0.03628219013292148
pastry,dish cleaner,6,73,0.0821917808219178,774,0.0517275947336764,0.030464186088241405
frankfurter,ketchup,4,32,0.125,565,0.037759807525228894,0.0872401924747711
bottled water,ketchup,4,32,0.125,908,0.06068301811134131,0.0643169818886587
whole milk,ketchup,4,32,0.125,2363,0.15792287642852368,-0.03292287642852368
root vegetables,soups,5,48,0.10416666666666667,1041,0.06957160997126245,0.03459505669540422
shopping bags,soups,4,48,0.08333333333333333,712,0.04758404063356279,0.03574929269977054
rolls/buns,soups,4,48,0.08333333333333333,1646,0.11000467820624206,-0.02667134487290873
seasonal products,soups,5,48,0.10416666666666667,106,0.007084140880839404,0.09708252578582727
soda,soups,3,48,0.0625,1453,0.09710619528169484,-0.03460619528169484
bottled beer,soups,4,48,0.08333333333333333,678,0.04531176903027468,0.03802156430305865
newspapers,soups,3,48,0.0625,582,0.038895943326872955,0.023604056673127045
whole milk,hygiene articles,26,205,0.12682926829268293,2363,0.15792287642852368,-0.03109360813584075
other vegetables,long life bakery product,17,268,0.06343283582089553,1827,0.12210118291786407,-0.05866834709696854
soda,long life bakery product,20,268,0.07462686567164178,1453,0.09710619528169484,-0.022479329610053056
whole milk,long life bakery product,36,268,0.13432835820895522,2363,0.15792287642852368,-0.023594518219568456
rolls/buns,whipped/sour cream,44,654,0.0672782874617737,1646,0.11000467820624206,-0.042726390744468365
other vegetables,whipped/sour cream,62,654,0.09480122324159021,1827,0.12210118291786407,-0.027299959676273855
whole milk,whipped/sour cream,69,654,0.10550458715596331,2363,0.15792287642852368,-0.05241828927256037
other vegetables,potato products,4,23,0.17391304347826086,1827,0.12210118291786407,0.0518118605603968
soda,yogurt,87,1285,0.06770428015564202,1453,0.09710619528169484,-0.02940191512605282
other vegetables,yogurt,121,1285,0.09416342412451362,1827,0.12210118291786407,-0.027937758793350448
whole milk,yogurt,167,1285,0.12996108949416343,2363,0.15792287642852368,-0.027961786934360244
whole milk,canned beer,90,702,0.1282051282051282,2363,0.15792287642852368,-0.029717748223395485
rolls/buns,canned beer,63,702,0.08974358974358974,1646,0.11000467820624206,-0.020261088462652316
other vegetables,canned beer,60,702,0.08547008547008547,1827,0.12210118291786407,-0.03663109744777859
soda,canned beer,47,702,0.06695156695156695,1453,0.09710619528169484,-0.030154628330127886
bottled water,cereals,4,42,0.09523809523809523,908,0.06068301811134131,0.03455507712675392
pork,cereals,3,42,0.07142857142857142,555,0.037091492347791216,0.03433707908078021
whole milk,cereals,3,42,0.07142857142857142,2363,0.15792287642852368,-0.08649430499995225
hamburger meat,soft cheese,9,150,0.06,327,0.021853906302212123,0.038146093697787875
whole milk,soft cheese,18,150,0.12,2363,0.15792287642852368,-0.03792287642852368
yogurt,soft cheese,19,150,0.12666666666666668,1285,0.08587850030074183,0.04078816636592485
pip fruit,sweet spreads,8,68,0.11764705882352941,734,0.049054334023925686,0.06859272479960372
berries,sweet spreads,4,68,0.058823529411764705,326,0.021787074784468355,0.03703645462729635
long life bakery product,sweet spreads,4,68,0.058823529411764705,268,0.017910846755329814,0.04091268265643489
rolls/buns,sweet spreads,4,68,0.058823529411764705,1646,0.11000467820624206,-0.051181148794477355
butter,sweet spreads,5,68,0.07352941176470588,527,0.03522020985096572,0.03830920191374017
tropical fruit,sweet spreads,11,68,0.16176470588235295,1014,0.0677671589921807,0.09399754689017224
other vegetables,pudding powder,3,17,0.17647058823529413,1827,0.12210118291786407,0.054369405317430064
butter,popcorn,4,48,0.08333333333333333,527,0.03522020985096572,0.04811312348236761
bottled water,popcorn,4,48,0.08333333333333333,908,0.06068301811134131,0.02265031522199202
pip fruit,popcorn,4,48,0.08333333333333333,734,0.049054334023925686,0.03427899930940764
long life bakery product,popcorn,3,48,0.0625,268,0.017910846755329814,0.044589153244670186
hamburger meat,popcorn,4,48,0.08333333333333333,327,0.021853906302212123,0.061479427031121206
rolls/buns,popcorn,7,48,0.14583333333333334,1646,0.11000467820624206,0.03582865512709128
pork,popcorn,5,48,0.10416666666666667,555,0.037091492347791216,0.06707517431887546
newspapers,cream,3,12,0.25,582,0.038895943326872955,0.21110405667312704
sausage,cream,3,12,0.25,903,0.06034886052262247,0.18965113947737752
other vegetables,tropical fruit,94,1014,0.09270216962524655,1827,0.12210118291786407,-0.029399013292617515
rolls/buns,tropical fruit,91,1014,0.08974358974358974,1646,0.11000467820624206,-0.020261088462652316
whole milk,tropical fruit,123,1014,0.12130177514792899,2363,0.15792287642852368,-0.03662110128059469
whole milk,artif. sweetener,8,29,0.27586206896551724,2363,0.15792287642852368,0.11793919253699356
soda,artif. sweetener,7,29,0.2413793103448276,1453,0.09710619528169484,0.14427311506313276
sausage,artif. sweetener,3,29,0.10344827586206896,903,0.06034886052262247,0.043099415339446494
domestic eggs,artif. sweetener,3,29,0.10344827586206896,555,0.037091492347791216,0.06635678351427775
whole milk,curd,62,504,0.12301587301587301,2363,0.15792287642852368,-0.03490700341265067
rolls/buns,curd,41,504,0.08134920634920635,1646,0.11000467820624206,-0.028655471857035708
sausage,curd,44,504,0.0873015873015873,903,0.06034886052262247,0.026952726778964826
rolls/buns,grapes,18,216,0.08333333333333333,1646,0.11000467820624206,-0.02667134487290873
yogurt,grapes,14,216,0.06481481481481481,1285,0.08587850030074183,-0.02106368548592702
whole milk,grapes,29,216,0.13425925925925927,2363,0.15792287642852368,-0.023663617169264406
berries,soap,3,20,0.15,326,0.021787074784468355,0.12821292521553163
canned beer,male cosmetics,4,37,0.10810810810810811,702,0.04691572545612511,0.061192382651983006
fruit/vegetable juice,male cosmetics,3,37,0.08108108108108109,509,0.03401724253157789,0.0470638385495032
brown bread,male cosmetics,3,37,0.08108108108108109,563,0.03762614448974136,0.04345493659133973
pip fruit,male cosmetics,3,37,0.08108108108108109,734,0.049054334023925686,0.0320267470571554
rolls/buns,male cosmetics,3,37,0.08108108108108109,1646,0.11000467820624206,-0.028923597125160974
pastry,male cosmetics,3,37,0.08108108108108109,774,0.0517275947336764,0.029353486347404686
pork,male cosmetics,3,37,0.08108108108108109,555,0.037091492347791216,0.04398958873328987
rolls/buns,ham,19,256,0.07421875,1646,0.11000467820624206,-0.03578592820624206
other vegetables,ham,24,256,0.09375,1827,0.12210118291786407,-0.028351182917864065
soda,ham,18,256,0.0703125,1453,0.09710619528169484,-0.02679369528169484
other vegetables,candy,17,215,0.07906976744186046,1827,0.12210118291786407,-0.0430314154760036
whole milk,abrasive cleaner,3,22,0.13636363636363635,2363,0.15792287642852368,-0.021559240064887325
sausage,detergent,11,129,0.08527131782945736,903,0.06034886052262247,0.024922457306834893
yogurt,detergent,16,129,0.12403100775193798,1285,0.08587850030074183,0.03815250745119615
other vegetables,detergent,9,129,0.06976744186046512,1827,0.12210118291786407,-0.05233374105739895
fruit/vegetable juice,detergent,7,129,0.05426356589147287,509,0.03401724253157789,0.02024632335989498
bottled water,sugar,22,265,0.0830188679245283,908,0.06068301811134131,0.022335849813186988
soda,sugar,18,265,0.06792452830188679,1453,0.09710619528169484,-0.02918166697980805
other vegetables,sugar,19,265,0.07169811320754717,1827,0.12210118291786407,-0.0504030697103169
newspapers,chewing gum,12,180,0.06666666666666667,582,0.038895943326872955,0.02777072333979371
pastry,chewing gum,13,180,0.07222222222222222,774,0.0517275947336764,0.020494627488545816
other vegetables,chewing gum,16,180,0.08888888888888889,1827,0.12210118291786407,-0.03321229402897517
coffee,chewing gum,10,180,0.05555555555555555,473,0.03161130789280225,0.023944247662753305
rolls/buns,chewing gum,13,180,0.07222222222222222,1646,0.11000467820624206,-0.037782455984019844
yogurt,chewing gum,21,180,0.11666666666666667,1285,0.08587850030074183,0.030788166365924838
yogurt,domestic eggs,31,555,0.055855855855855854,1285,0.08587850030074183,-0.030022644444885976
soda,domestic eggs,38,555,0.06846846846846846,1453,0.09710619528169484,-0.028637726813226377
other vegetables,domestic eggs,53,555,0.09549549549549549,1827,0.12210118291786407,-0.026605687422368574
other vegetables,ice cream,19,227,0.08370044052863436,1827,0.12210118291786407,-0.038400742389229706
whole milk,ice cream,29,227,0.1277533039647577,2363,0.15792287642852368,-0.030169572463765976
yogurt,ice cream,14,227,0.06167400881057269,1285,0.08587850030074183,-0.024204491490169143
other vegetables,processed cheese,10,152,0.06578947368421052,1827,0.12210118291786407,-0.05631170923365354
root vegetables,processed cheese,16,152,0.10526315789473684,1041,0.06957160997126245,0.035691547923474384
yogurt,processed cheese,10,152,0.06578947368421052,1285,0.08587850030074183,-0.020089026616531308
soda,processed cheese,9,152,0.05921052631578947,1453,0.09710619528169484,-0.03789566896590537
rolls/buns,processed cheese,22,152,0.14473684210526316,1646,0.11000467820624206,0.034732163899021104
domestic eggs,meat spreads,3,35,0.08571428571428572,555,0.037091492347791216,0.0486227933664945
whipped/sour cream,meat spreads,3,35,0.08571428571428572,654,0.043707812604424245,0.04200647310986147
whole milk,meat spreads,3,35,0.08571428571428572,2363,0.15792287642852368,-0.07220859071423796
sausage,meat spreads,5,35,0.14285714285714285,903,0.06034886052262247,0.08250828233452037
yogurt,specialty vegetables,3,11,0.2727272727272727,1285,0.08587850030074183,0.18684877242653086
rolls/buns,semi-finished bread,11,142,0.07746478873239436,1646,0.11000467820624206,-0.0325398894738477
other vegetables,baking powder,8,121,0.06611570247933884,1827,0.12210118291786407,-0.05598548043852522
whole milk,baking powder,13,121,0.10743801652892562,2363,0.15792287642852368,-0.050484859899598056
bottled beer,baking powder,8,121,0.06611570247933884,678,0.04531176903027468,0.020803933449064164
canned beer,baking powder,9,121,0.0743801652892562,702,0.04691572545612511,0.027464439833131092
rolls/buns,baking powder,7,121,0.05785123966942149,1646,0.11000467820624206,-0.05215343853682057
whole milk,other vegetables,222,1827,0.12151067323481117,2363,0.15792287642852368,-0.03641220319371251
rolls/buns,other vegetables,158,1827,0.08648056923918993,1646,0.11000467820624206,-0.023524108967052135
yogurt,bottled water,57,908,0.06277533039647577,1285,0.08587850030074183,-0.023103169904266058
other vegetables,bottled water,82,908,0.09030837004405286,1827,0.12210118291786407,-0.03179281287381121
whole milk,bottled water,107,908,0.11784140969162996,2363,0.15792287642852368,-0.04008146673689372
rolls/buns,bottled water,70,908,0.07709251101321586,1646,0.11000467820624206,-0.0329121671930262
other vegetables,margarine,48,482,0.0995850622406639,1827,0.12210118291786407,-0.02251612067720017
whole milk,margarine,61,482,0.12655601659751037,2363,0.15792287642852368,-0.03136685983101331
coffee,sauces,3,44,0.06818181818181818,473,0.03161130789280225,0.03657051028901593
citrus fruit,sauces,5,44,0.11363636363636363,795,0.05313105660629553,0.0605053070300681
rolls/buns,sauces,6,44,0.13636363636363635,1646,0.11000467820624206,0.026358958157394294
sugar,sauces,3,44,0.06818181818181818,265,0.01771035220209851,0.05047146597971967
whole milk,sauces,6,44,0.13636363636363635,2363,0.15792287642852368,-0.021559240064887325
other vegetables,rolls/buns,158,1646,0.0959902794653706,1827,0.12210118291786407,-0.026110903452493464
soda,rolls/buns,121,1646,0.07351154313487242,1453,0.09710619528169484,-0.023594652146822423
whole milk,rolls/buns,209,1646,0.12697448359659783,2363,0.15792287642852368,-0.030948392831925853
coffee,liquor (appetizer),4,67,0.05970149253731343,473,0.03161130789280225,0.028090184644511185
rolls/buns,liquor (appetizer),9,67,0.13432835820895522,1646,0.11000467820624206,0.024323680002713163
soda,liquor (appetizer),10,67,0.14925373134328357,1453,0.09710619528169484,0.05214753606158873
other vegetables,liquor (appetizer),4,67,0.05970149253731343,1827,0.12210118291786407,-0.06239969038055063
tropical fruit,liquor (appetizer),6,67,0.08955223880597014,1014,0.0677671589921807,0.021785079813789437
canned beer,light bulbs,3,29,0.10344827586206896,702,0.04691572545612511,0.056532550405943856
citrus fruit,light bulbs,3,29,0.10344827586206896,795,0.05313105660629553,0.050317219255773434
whole milk,light bulbs,7,29,0.2413793103448276,2363,0.15792287642852368,0.08345643391630392
sausage,light bulbs,3,29,0.10344827586206896,903,0.06034886052262247,0.043099415339446494
rolls/buns,light bulbs,4,29,0.13793103448275862,1646,0.11000467820624206,0.02792635627651656
soda,white bread,23,359,0.06406685236768803,1453,0.09710619528169484,-0.033039342914006814
rolls/buns,white bread,32,359,0.08913649025069638,1646,0.11000467820624206,-0.02086818795554568
whole milk,white bread,47,359,0.1309192200557103,2363,0.15792287642852368,-0.02700365637281338
root vegetables,Instant food products,6,60,0.1,1041,0.06957160997126245,0.030428390028737554
soda,Instant food products,4,60,0.06666666666666667,1453,0.09710619528169484,-0.030439528615028175
other vegetables,Instant food products,4,60,0.06666666666666667,1827,0.12210118291786407,-0.0554345162511974
whipped/sour cream,Instant food products,4,60,0.06666666666666667,654,0.043707812604424245,0.02295885406224242
whole milk,Instant food products,8,60,0.13333333333333333,2363,0.15792287642852368,-0.024589543095190347
beef,candles,4,66,0.06060606060606061,508,0.03395041101383412,0.026655649592226487
yogurt,candles,7,66,0.10606060606060606,1285,0.08587850030074183,0.020182105759864233
pastry,candles,5,66,0.07575757575757576,774,0.0517275947336764,0.02402998102389936
soda,candles,5,66,0.07575757575757576,1453,0.09710619528169484,-0.02134861952411908
sausage,candles,6,66,0.09090909090909091,903,0.06034886052262247,0.03056023038646844
other vegetables,candles,5,66,0.07575757575757576,1827,0.12210118291786407,-0.046343607160288305
rolls/buns,skin care,3,20,0.15,1646,0.11000467820624206,0.039995321793757935
other vegetables,skin care,3,20,0.15,1827,0.12210118291786407,0.02789881708213593
soda,bottled beer,44,678,0.06489675516224189,1453,0.09710619528169484,-0.03220944011945295
rolls/buns,bottled beer,60,678,0.08849557522123894,1646,0.11000467820624206,-0.021509102985003123
tropical fruit,flour,16,146,0.1095890410958904,1014,0.0677671589921807,0.0418218821037097
whipped/sour cream,flour,10,146,0.0684931506849315,654,0.043707812604424245,0.024785338080507258
rolls/buns,flour,11,146,0.07534246575342465,1646,0.11000467820624206,-0.034662212452817406
other vegetables,flour,8,146,0.0547945205479452,1827,0.12210118291786407,-0.06730666236991886
yogurt,flour,9,146,0.06164383561643835,1285,0.08587850030074183,-0.024234664684303478
whole milk,flour,20,146,0.136986301369863,2363,0.15792287642852368,-0.020936575058660672
beef,specialty fat,3,29,0.10344827586206896,508,0.03395041101383412,0.06949786484823484
domestic eggs,specialty fat,3,29,0.10344827586206896,555,0.037091492347791216,0.06635678351427775
whole milk,specialty fat,3,29,0.10344827586206896,2363,0.15792287642852368,-0.054474600566454714
hamburger meat,instant coffee,3,59,0.05084745762711865,327,0.021853906302212123,0.028993551324906525
frozen meals,instant coffee,3,59,0.05084745762711865,251,0.016774710953685757,0.034072746673432894
other vegetables,instant coffee,3,59,0.05084745762711865,1827,0.12210118291786407,-0.07125372529074542
processed cheese,instant coffee,4,59,0.06779661016949153,152,0.01015839069705273,0.057638219472438794
misc. beverages,instant coffee,4,59,0.06779661016949153,236,0.01577223818752924,0.05202437198196229
salty snack,instant coffee,4,59,0.06779661016949153,281,0.018779656485998796,0.04901695368349273
whole milk,instant coffee,7,59,0.11864406779661017,2363,0.15792287642852368,-0.039278808631913506
shopping bags,instant coffee,4,59,0.06779661016949153,712,0.04758404063356279,0.02021256953592874
rolls/buns,UHT-milk,27,320,0.084375,1646,0.11000467820624206,-0.025629678206242054
yogurt,UHT-milk,17,320,0.053125,1285,0.08587850030074183,-0.03275350030074183
soda,UHT-milk,19,320,0.059375,1453,0.09710619528169484,-0.03773119528169484
other vegetables,UHT-milk,32,320,0.1,1827,0.12210118291786407,-0.02210118291786406
whole milk,UHT-milk,38,320,0.11875,2363,0.15792287642852368,-0.039172876428523684
soda,softener,6,41,0.14634146341463414,1453,0.09710619528169484,0.0492352681329393
frankfurter,softener,3,41,0.07317073170731707,565,0.037759807525228894,0.035410924182088174
salty snack,softener,3,41,0.07317073170731707,281,0.018779656485998796,0.05439107522131827
citrus fruit,softener,3,41,0.07317073170731707,795,0.05313105660629553,0.020039675101021538
other vegetables,softener,6,41,0.14634146341463414,1827,0.12210118291786407,0.024240280496770072
margarine,softener,3,41,0.07317073170731707,482,0.03221279155249616,0.04095794015482091
whole milk,softener,12,41,0.2926829268292683,2363,0.15792287642852368,0.1347600504007446
whole milk,pork,75,555,0.13513513513513514,2363,0.15792287642852368,-0.022787741293388536
coffee,cling film/bags,4,74,0.05405405405405406,473,0.03161130789280225,0.02244274616125181
soda,cling film/bags,9,74,0.12162162162162163,1453,0.09710619528169484,0.024515426339926788
curd,cling film/bags,5,74,0.06756756756756757,504,0.03368308494285905,0.03388448262470852
pip fruit,cling film/bags,7,74,0.0945945945945946,734,0.049054334023925686,0.045540260570668914
other vegetables,cling film/bags,7,74,0.0945945945945946,1827,0.12210118291786407,-0.027506588323269465
whole milk,cling film/bags,10,74,0.13513513513513514,2363,0.15792287642852368,-0.022787741293388536
yogurt,cling film/bags,4,74,0.05405405405405406,1285,0.08587850030074183,-0.031824446246687774
other vegetables,root vegetables,79,1041,0.07588856868395773,1827,0.12210118291786407,-0.04621261423390634
rolls/buns,root vegetables,86,1041,0.08261287223823247,1646,0.11000467820624206,-0.027391805968009594
yogurt,root vegetables,64,1041,0.06147934678194044,1285,0.08587850030074183,-0.02439915351880139
soda,root vegetables,79,1041,0.07588856868395773,1453,0.09710619528169484,-0.021217626597737113
whole milk,root vegetables,113,1041,0.10854947166186359,2363,0.15792287642852368,-0.04937340476666009
rolls/buns,specialty bar,18,209,0.0861244019138756,1646,0.11000467820624206,-0.023880276292366456
whole milk,specialty bar,25,209,0.11961722488038277,2363,0.15792287642852368,-0.038305651548140904
pork,finished products,4,64,0.0625,555,0.037091492347791216,0.025408507652208784
whipped/sour cream,finished products,5,64,0.078125,654,0.043707812604424245,0.034417187395575755
whole milk,finished products,13,64,0.203125,2363,0.15792287642852368,0.04520212357147632
rolls/buns,finished products,9,64,0.140625,1646,0.11000467820624206,0.03062032179375794
canned beer,frozen dessert,7,92,0.07608695652173914,702,0.04691572545612511,0.029171231065614027
other vegetables,frozen dessert,7,92,0.07608695652173914,1827,0.12210118291786407,-0.04601422639612493
newspapers,frozen dessert,6,92,0.06521739130434782,582,0.038895943326872955,0.02632144797747487
rolls/buns,frozen dessert,5,92,0.05434782608695652,1646,0.11000467820624206,-0.05565685211928554
whole milk,beef,70,508,0.1377952755905512,2363,0.15792287642852368,-0.020127600837972492
other vegetables,beef,42,508,0.08267716535433071,1827,0.12210118291786407,-0.03942401756353335
soda,beef,27,508,0.0531496062992126,1453,0.09710619528169484,-0.04395658898248224
yogurt,beef,33,508,0.06496062992125984,1285,0.08587850030074183,-0.020917870379481993
other vegetables,fruit/vegetable juice,44,509,0.08644400785854617,1827,0.12210118291786407,-0.0356571750593179
whole milk,fruit/vegetable juice,66,509,0.12966601178781925,2363,0.15792287642852368,-0.028256864640704427
soda,fruit/vegetable juice,32,509,0.06286836935166994,1453,0.09710619528169484,-0.034237825930024904
yogurt,fruit/vegetable juice,33,509,0.06483300589390963,1285,0.08587850030074183,-0.021045494406832205
frankfurter,salt,6,89,0.06741573033707865,565,0.037759807525228894,0.029655922811849755
rolls/buns,salt,7,89,0.07865168539325842,1646,0.11000467820624206,-0.031352992812983635
other vegetables,salt,6,89,0.06741573033707865,1827,0.12210118291786407,-0.054685452580785415
misc. beverages,salt,5,89,0.056179775280898875,236,0.01577223818752924,0.04040753709336964
tropical fruit,salt,9,89,0.10112359550561797,1014,0.0677671589921807,0.03335643651343727
whole milk,salt,7,89,0.07865168539325842,2363,0.15792287642852368,-0.07927119103526525
rolls/buns,pot plants,10,117,0.08547008547008547,1646,0.11000467820624206,-0.024534592736156588
yogurt,pot plants,13,117,0.1111111111111111,1285,0.08587850030074183,0.025232610810369274
whole milk,pot plants,15,117,0.1282051282051282,2363,0.15792287642852368,-0.029717748223395485
soda,pot plants,9,117,0.07692307692307693,1453,0.09710619528169484,-0.020183118358617913
curd,liver loaf,3,50,0.06,504,0.03368308494285905,0.026316915057140948
domestic eggs,liver loaf,4,50,0.08,555,0.037091492347791216,0.042908507652208785
canned beer,liver loaf,6,50,0.12,702,0.04691572545612511,0.0730842745438749
fruit/vegetable juice,liver loaf,6,50,0.12,509,0.03401724253157789,0.0859827574684221
condensed milk,liver loaf,3,50,0.06,98,0.0065494887388892606,0.053450511261110736
white bread,liver loaf,4,50,0.08,359,0.023992514870012697,0.05600748512998731
processed cheese,liver loaf,3,50,0.06,152,0.01015839069705273,0.049841609302947266
whole milk,cleaner,4,31,0.12903225806451613,2363,0.15792287642852368,-0.028890618364007553
meat,cleaner,3,31,0.0967741935483871,252,0.016841542471429525,0.07993265107695757
other vegetables,cleaner,3,31,0.0967741935483871,1827,0.12210118291786407,-0.02532698936947697
rolls/buns,berries,25,326,0.07668711656441718,1646,0.11000467820624206,-0.03331756164182488
soda,berries,22,326,0.06748466257668712,1453,0.09710619528169484,-0.029621532705007725
yogurt,berries,21,326,0.06441717791411043,1285,0.08587850030074183,-0.0214613223866314
whole milk,berries,34,326,0.10429447852760736,2363,0.15792287642852368,-0.05362839790091632
yogurt,dessert,18,353,0.05099150141643059,1285,0.08587850030074183,-0.03488699888431124
rolls/buns,dessert,30,353,0.08498583569405099,1646,0.11000467820624206,-0.025018842512191067
other vegetables,dessert,31,353,0.08781869688385269,1827,0.12210118291786407,-0.03428248603401138
soda,dessert,22,353,0.06232294617563739,1453,0.09710619528169484,-0.03478324910605745
whole milk,dessert,36,353,0.10198300283286119,2363,0.15792287642852368,-0.05593987359566249
mustard,curd cheese,3,46,0.06521739130434782,92,0.006148499632426653,0.05906889167192117
pastry,curd cheese,4,46,0.08695652173913043,774,0.0517275947336764,0.03522892700545403
whole milk,curd cheese,4,46,0.08695652173913043,2363,0.15792287642852368,-0.07096635468939325
soda,salty snack,21,281,0.07473309608540925,1453,0.09710619528169484,-0.022373099196285592
whole milk,salty snack,29,281,0.10320284697508897,2363,0.15792287642852368,-0.05472002945343471
other vegetables,chocolate,28,353,0.07932011331444759,1827,0.12210118291786407,-0.042781069603416474
whole milk,chocolate,44,353,0.12464589235127478,2363,0.15792287642852368,-0.0332769840772489
soda,chocolate,25,353,0.0708215297450425,1453,0.09710619528169484,-0.026284665536652346
other vegetables,hamburger meat,33,327,0.10091743119266056,1827,0.12210118291786407,-0.02118375172520351
soda,hamburger meat,25,327,0.0764525993883792,1453,0.09710619528169484,-0.02065359589331564
rolls/buns,hamburger meat,29,327,0.08868501529051988,1646,0.11000467820624206,-0.021319662915722182
other vegetables,soda,145,1453,0.09979353062629043,1827,0.12210118291786407,-0.022307652291573637
rolls/buns,soda,121,1453,0.08327598072952512,1646,0.11000467820624206,-0.02672869747671694
yogurt,soda,87,1453,0.05987611837577426,1285,0.08587850030074183,-0.026002381924967573
whole milk,soda,174,1453,0.11975223675154852,2363,0.15792287642852368,-0.03817063967697516
misc. beverages,spread cheese,5,100,0.05,236,0.01577223818752924,0.03422776181247077
rolls/buns,spread cheese,8,100,0.08,1646,0.11000467820624206,-0.030004678206242058
hamburger meat,spread cheese,5,100,0.05,327,0.021853906302212123,0.02814609369778788
root vegetables,spread cheese,9,100,0.09,1041,0.06957160997126245,0.020428390028737545
sugar,spread cheese,6,100,0.06,265,0.01771035220209851,0.04228964779790149
shopping bags,turkey,6,80,0.075,712,0.04758404063356279,0.02741595936643721
root vegetables,turkey,9,80,0.1125,1041,0.06957160997126245,0.04292839002873755
bottled water,turkey,9,80,0.1125,908,0.06068301811134131,0.05181698188865869
rolls/buns,turkey,5,80,0.0625,1646,0.11000467820624206,-0.04750467820624206
other vegetables,turkey,7,80,0.0875,1827,0.12210118291786407,-0.03460118291786407
canned beer,turkey,6,80,0.075,702,0.04691572545612511,0.02808427454387489
yogurt,turkey,4,80,0.05,1285,0.08587850030074183,-0.03587850030074183
whole milk,turkey,11,80,0.1375,2363,0.15792287642852368,-0.020422876428523667
salty snack,chocolate marshmallow,3,60,0.05,281,0.018779656485998796,0.031220343514001207
rolls/buns,chocolate marshmallow,3,60,0.05,1646,0.11000467820624206,-0.06000467820624206
other vegetables,chocolate marshmallow,5,60,0.08333333333333333,1827,0.12210118291786407,-0.038767849584530736
rolls/buns,waffles,24,277,0.08664259927797834,1646,0.11000467820624206,-0.023362078928263724
other vegetables,waffles,26,277,0.09386281588447654,1827,0.12210118291786407,-0.02823836703338753
soda,waffles,14,277,0.05054151624548736,1453,0.09710619528169484,-0.04656467903620748
yogurt,waffles,17,277,0.061371841155234655,1285,0.08587850030074183,-0.024506659145507176
other vegetables,dog food,4,67,0.05970149253731343,1827,0.12210118291786407,-0.06239969038055063
yogurt,dog food,8,67,0.11940298507462686,1285,0.08587850030074183,0.03352448477388503
rolls/buns,dog food,5,67,0.07462686567164178,1646,0.11000467820624206,-0.035377812534600275
newspapers,dog food,5,67,0.07462686567164178,582,0.038895943326872955,0.03573092234476883
sausage,dog food,7,67,0.1044776119402985,903,0.06034886052262247,0.04412875141767603
frankfurter,dog food,4,67,0.05970149253731343,565,0.037759807525228894,0.021941685012084537
domestic eggs,flower (seeds),4,69,0.057971014492753624,555,0.037091492347791216,0.020879522144962408
other vegetables,flower (seeds),4,69,0.057971014492753624,1827,0.12210118291786407,-0.06413016842511043
whole milk,flower (seeds),9,69,0.13043478260869565,2363,0.15792287642852368,-0.02748809381982803
butter,dental care,3,33,0.09090909090909091,527,0.03522020985096572,0.055688881058125195
soda,dental care,4,33,0.12121212121212122,1453,0.09710619528169484,0.024105925930426375
other vegetables,dental care,3,33,0.09090909090909091,1827,0.12210118291786407,-0.031192092008773153
fruit/vegetable juice,dental care,3,33,0.09090909090909091,509,0.03401724253157789,0.05689184837751302
soda,bathroom cleaner,3,17,0.17647058823529413,1453,0.09710619528169484,0.07936439295359929
whole milk,hard cheese,28,220,0.12727272727272726,2363,0.15792287642852368,-0.03065014915579642
soda,hard cheese,14,220,0.06363636363636363,1453,0.09710619528169484,-0.03346983164533121
pip fruit,hard cheese,16,220,0.07272727272727272,734,0.049054334023925686,0.023672938703347038
canned beer,cookware,3,17,0.17647058823529413,702,0.04691572545612511,0.12955486277916903
whole milk,cookware,4,17,0.23529411764705882,2363,0.15792287642852368,0.07737124121853514
oil,cookware,3,17,0.17647058823529413,223,0.014903428456860256,0.16156715977843386
whole milk,shopping bags,95,712,0.13342696629213482,2363,0.15792287642852368,-0.024495910136388854
rolls/buns,specialty chocolate,19,239,0.0794979079497908,1646,0.11000467820624206,-0.030506770256451265
citrus fruit,specialty chocolate,21,239,0.08786610878661087,795,0.05313105660629553,0.03473505218031534
whole milk,specialty chocolate,20,239,0.08368200836820083,2363,0.15792287642852368,-0.07424086806032285
yogurt,specialty chocolate,14,239,0.058577405857740586,1285,0.08587850030074183,-0.027301094443001245
sausage,cocoa drinks,3,16,0.1875,903,0.06034886052262247,0.12715113947737752
rolls/buns,newspapers,45,582,0.07731958762886598,1646,0.11000467820624206,-0.03268509057737608
other vegetables,newspapers,55,582,0.09450171821305842,1827,0.12210118291786407,-0.02759946470480565
soda,newspapers,35,582,0.06013745704467354,1453,0.09710619528169484,-0.0369687382370213
berries,condensed milk,5,98,0.05102040816326531,326,0.021787074784468355,0.029233333378796952
chicken,condensed milk,5,98,0.05102040816326531,417,0.027868742899151238,0.02315166526411407
waffles,condensed milk,5,98,0.05102040816326531,277,0.018512330415023724,0.03250807774824158
frankfurter,condensed milk,6,98,0.061224489795918366,565,0.037759807525228894,0.02346468227068947
soda,condensed milk,6,98,0.061224489795918366,1453,0.09710619528169484,-0.035881705485776474
whole milk,condensed milk,13,98,0.1326530612244898,2363,0.15792287642852368,-0.025269815204033874
pastry,condensed milk,8,98,0.08163265306122448,774,0.0517275947336764,0.029905058327548084
frankfurter,packaged fruit/vegetables,8,127,0.06299212598425197,565,0.037759807525228894,0.025232318459023073
other vegetables,packaged fruit/vegetables,9,127,0.07086614173228346,1827,0.12210118291786407,-0.0512350411855806
whole milk,packaged fruit/vegetables,8,127,0.06299212598425197,2363,0.15792287642852368,-0.09493075044427171
rolls/buns,packaged fruit/vegetables,18,127,0.14173228346456693,1646,0.11000467820624206,0.03172760525832487
yogurt,packaged fruit/vegetables,7,127,0.05511811023622047,1285,0.08587850030074183,-0.03076039006452136
whole milk,butter milk,25,263,0.09505703422053231,2363,0.15792287642852368,-0.06286584220799137
rolls/buns,butter milk,19,263,0.07224334600760456,1646,0.11000467820624206,-0.037761332198637504
other vegetables,butter milk,19,263,0.07224334600760456,1827,0.12210118291786407,-0.04985783691025951
whole milk,misc. beverages,21,236,0.08898305084745763,2363,0.15792287642852368,-0.06893982558106605
soda,misc. beverages,12,236,0.05084745762711865,1453,0.09710619528169484,-0.04625873765457619
rolls/buns,misc. beverages,20,236,0.0847457627118644,1646,0.11000467820624206,-0.025258915494377657
other vegetables,misc. beverages,18,236,0.07627118644067797,1827,0.12210118291786407,-0.045829996477186094
rolls/buns,specialty cheese,4,72,0.05555555555555555,1646,0.11000467820624206,-0.05444912265068651
other vegetables,specialty cheese,4,72,0.05555555555555555,1827,0.12210118291786407,-0.06654562736230851
whole milk,specialty cheese,8,72,0.1111111111111111,2363,0.15792287642852368,-0.046811765317412574
yogurt,specialty cheese,4,72,0.05555555555555555,1285,0.08587850030074183,-0.030322944745186278
soda,onions,22,303,0.07260726072607261,1453,0.09710619528169484,-0.02449893455562223
rolls/buns,onions,26,303,0.0858085808580858,1646,0.11000467820624206,-0.024196097348156254
yogurt,onions,19,303,0.0627062706270627,1285,0.08587850030074183,-0.02317222967367913
other vegetables,onions,23,303,0.07590759075907591,1827,0.12210118291786407,-0.046193592158788155
whole milk,zwieback,7,60,0.11666666666666667,2363,0.15792287642852368,-0.04125620976185701
other vegetables,zwieback,9,60,0.15,1827,0.12210118291786407,0.02789881708213593
domestic eggs,zwieback,4,60,0.06666666666666667,555,0.037091492347791216,0.02957517431887545
sausage,zwieback,5,60,0.08333333333333333,903,0.06034886052262247,0.02298447281071086
butter milk,zwieback,4,60,0.06666666666666667,263,0.017576689166610975,0.04908997750005569
bottled beer,rice,4,49,0.08163265306122448,678,0.04531176903027468,0.0363208840309498
berries,rice,3,49,0.061224489795918366,326,0.021787074784468355,0.03943741501145001
napkins,rice,4,49,0.08163265306122448,331,0.022121232373187194,0.05951142068803729
other vegetables,rice,4,49,0.08163265306122448,1827,0.12210118291786407,-0.04046852985663958
frankfurter,rice,3,49,0.061224489795918366,565,0.037759807525228894,0.02346468227068947
shopping bags,rice,4,49,0.08163265306122448,712,0.04758404063356279,0.0340486124276617
soda,rice,3,49,0.061224489795918366,1453,0.09710619528169484,-0.035881705485776474
whole milk,rice,6,49,0.12244897959183673,2363,0.15792287642852368,-0.03547389683668695
ham,rum,3,32,0.09375,256,0.0171088685424046,0.07664113145759541
canned beer,rum,3,32,0.09375,702,0.04691572545612511,0.04683427454387489
whole milk,rum,4,32,0.125,2363,0.15792287642852368,-0.03292287642852368
sausage,rum,5,32,0.15625,903,0.06034886052262247,0.09590113947737752
newspapers,syrup,3,21,0.14285714285714285,582,0.038895943326872955,0.10396119953026989
pastry,syrup,3,21,0.14285714285714285,774,0.0517275947336764,0.09112954812346645
other vegetables,syrup,3,21,0.14285714285714285,1827,0.12210118291786407,0.020755959939278784
whole milk,syrup,6,21,0.2857142857142857,2363,0.15792287642852368,0.12779140928576202
rolls/buns,citrus fruit,70,795,0.0880503144654088,1646,0.11000467820624206,-0.02195436374083326
whole milk,citrus fruit,107,795,0.13459119496855346,2363,0.15792287642852368,-0.02333168145997022
soda,citrus fruit,56,795,0.07044025157232704,1453,0.09710619528169484,-0.026665943709367798
other vegetables,citrus fruit,72,795,0.09056603773584905,1827,0.12210118291786407,-0.031535145182015015
yogurt,chicken,27,417,0.06474820143884892,1285,0.08587850030074183,-0.02113029886189291
whole milk,chicken,51,417,0.1223021582733813,2363,0.15792287642852368,-0.03562071815514238
soda,chicken,32,417,0.07673860911270983,1453,0.09710619528169484,-0.020367586168985014
other vegetables,chicken,33,417,0.07913669064748201,1827,0.12210118291786407,-0.04296449227038206
rolls/buns,coffee,36,473,0.07610993657505286,1646,0.11000467820624206,-0.033894741631189204
yogurt,coffee,31,473,0.06553911205073996,1285,0.08587850030074183,-0.020339388250001866
other vegetables,coffee,39,473,0.0824524312896406,1827,0.12210118291786407,-0.03964875162822347
whole milk,coffee,57,473,0.12050739957716702,2363,0.15792287642852368,-0.037415476851356655
soda,frozen potato products,4,72,0.05555555555555555,1453,0.09710619528169484,-0.04155063972613929
root vegetables,frozen potato products,7,72,0.09722222222222222,1041,0.06957160997126245,0.027650612250959772
whole milk,frozen potato products,9,72,0.125,2363,0.15792287642852368,-0.03292287642852368
meat,frozen potato products,4,72,0.05555555555555555,252,0.016841542471429525,0.03871401308412603
yogurt,frozen potato products,4,72,0.05555555555555555,1285,0.08587850030074183,-0.030322944745186278
bottled beer,seasonal products,7,106,0.0660377358490566,678,0.04531176903027468,0.020725966818781923
rolls/buns,seasonal products,15,106,0.14150943396226415,1646,0.11000467820624206,0.03150475575602209
other vegetables,seasonal products,7,106,0.0660377358490566,1827,0.12210118291786407,-0.05606344706880746
butter,seasonal products,7,106,0.0660377358490566,527,0.03522020985096572,0.030817525998090886
whole milk,seasonal products,10,106,0.09433962264150944,2363,0.15792287642852368,-0.06358325378701424
butter,nuts/prunes,3,33,0.09090909090909091,527,0.03522020985096572,0.055688881058125195
whole milk,nuts/prunes,6,33,0.18181818181818182,2363,0.15792287642852368,0.023895305389658145
white wine,nuts/prunes,3,33,0.09090909090909091,175,0.011695515605159393,0.07921357530393151
rolls/buns,nuts/prunes,5,33,0.15151515151515152,1646,0.11000467820624206,0.04151047330890946
sausage,nuts/prunes,3,33,0.09090909090909091,903,0.06034886052262247,0.03056023038646844
root vegetables,nuts/prunes,3,33,0.09090909090909091,1041,0.06957160997126245,0.02133748093782846
other vegetables,pet care,5,85,0.058823529411764705,1827,0.12210118291786407,-0.06327765350609936
beef,pet care,5,85,0.058823529411764705,508,0.03395041101383412,0.024873118397930584
brown bread,pet care,6,85,0.07058823529411765,563,0.03762614448974136,0.03296209080437629
whole milk,pet care,11,85,0.12941176470588237,2363,0.15792287642852368,-0.028511111722641314
tropical fruit,mayonnaise,9,75,0.12,1014,0.0677671589921807,0.05223284100781929
whole milk,butter,70,527,0.13282732447817835,2363,0.15792287642852368,-0.025095551950345324
rolls/buns,butter,43,527,0.08159392789373814,1646,0.11000467820624206,-0.028410750312503924
yogurt,butter,33,527,0.06261859582542695,1285,0.08587850030074183,-0.023259904475314883
other vegetables,butter,43,527,0.08159392789373814,1827,0.12210118291786407,-0.04050725502412593
whole milk,brandy,13,38,0.34210526315789475,2363,0.15792287642852368,0.18418238672937107
other vegetables,brandy,3,38,0.07894736842105263,1827,0.12210118291786407,-0.04315381449681144
pastry,brandy,4,38,0.10526315789473684,774,0.0517275947336764,0.05353556316106044
rolls/buns,brandy,3,38,0.07894736842105263,1646,0.11000467820624206,-0.031057309785189433
root vegetables,brandy,4,38,0.10526315789473684,1041,0.06957160997126245,0.035691547923474384
pork,brandy,3,38,0.07894736842105263,555,0.037091492347791216,0.04185587607326141
rolls/buns,whole milk,209,2363,0.08844688954718578,1646,0.11000467820624206,-0.021557788659056276
soda,whole milk,174,2363,0.07363520947947524,1453,0.09710619528169484,-0.023470985802219596
other vegetables,whole milk,222,2363,0.09394837071519255,1827,0.12210118291786407,-0.028152812202671518
citrus fruit,jam,3,34,0.08823529411764706,795,0.05313105660629553,0.035104237511351534
rolls/buns,jam,3,34,0.08823529411764706,1646,0.11000467820624206,-0.021769384088594995
soda,jam,4,34,0.11764705882352941,1453,0.09710619528169484,0.02054086354183457
fruit/vegetable juice,spices,4,40,0.1,509,0.03401724253157789,0.06598275746842211
other vegetables,spices,4,40,0.1,1827,0.12210118291786407,-0.02210118291786406
sausage,spices,5,40,0.125,903,0.06034886052262247,0.06465113947737752
soda,spices,9,40,0.225,1453,0.09710619528169484,0.12789380471830517
curd,spices,3,40,0.075,504,0.03368308494285905,0.04131691505714095
soft cheese,spices,3,40,0.075,150,0.010024727661565194,0.06497527233843481
rolls/buns,spices,3,40,0.075,1646,0.11000467820624206,-0.03500467820624206
canned beer,spices,3,40,0.075,702,0.04691572545612511,0.02808427454387489
yogurt,spices,5,40,0.125,1285,0.08587850030074183,0.03912149969925817
whole milk,spices,4,40,0.1,2363,0.15792287642852368,-0.05792287642852367
whole milk,canned fish,14,115,0.12173913043478261,2363,0.15792287642852368,-0.036183745993741065
other vegetables,canned fish,7,115,0.06086956521739131,1827,0.12210118291786407,-0.06123161770047276
frankfurter,canned fish,7,115,0.06086956521739131,565,0.037759807525228894,0.023109757692162412
curd,female sanitary products,3,40,0.075,504,0.03368308494285905,0.04131691505714095
whole milk,female sanitary products,4,40,0.1,2363,0.15792287642852368,-0.05792287642852367
other vegetables,female sanitary products,4,40,0.1,1827,0.12210118291786407,-0.02210118291786406
sausage,female sanitary products,4,40,0.1,903,0.06034886052262247,0.039651139477377535
other vegetables,pastry,55,774,0.0710594315245478,1827,0.12210118291786407,-0.051041751393316265
whole milk,pastry,97,774,0.12532299741602068,2363,0.15792287642852368,-0.032599879012503
rolls/buns,pastry,59,774,0.07622739018087855,1646,0.11000467820624206,-0.033777288025363505
coffee,tidbits,3,22,0.13636363636363635,473,0.03161130789280225,0.1047523284708341
domestic eggs,house keeping products,3,45,0.06666666666666667,555,0.037091492347791216,0.02957517431887545
frozen vegetables,house keeping products,4,45,0.08888888888888889,419,0.028002405934638777,0.060886482954250115
chicken,house keeping products,3,45,0.06666666666666667,417,0.027868742899151238,0.038797923767515424
margarine,house keeping products,3,45,0.06666666666666667,482,0.03221279155249616,0.03445387511417051
salty snack,house keeping products,3,45,0.06666666666666667,281,0.018779656485998796,0.04788701018066787
sausage,house keeping products,5,45,0.1111111111111111,903,0.06034886052262247,0.050762250588488635
rolls/buns,house keeping products,3,45,0.06666666666666667,1646,0.11000467820624206,-0.043338011539575394
whole milk,house keeping products,11,45,0.24444444444444444,2363,0.15792287642852368,0.08652156801592076
other vegetables,house keeping products,4,45,0.08888888888888889,1827,0.12210118291786407,-0.03321229402897517
soda,house keeping products,3,45,0.06666666666666667,1453,0.09710619528169484,-0.030439528615028175
sausage,sliced cheese,17,210,0.08095238095238096,903,0.06034886052262247,0.020603520429758486
other vegetables,sliced cheese,21,210,0.1,1827,0.12210118291786407,-0.02210118291786406
rolls/buns,sliced cheese,14,210,0.06666666666666667,1646,0.11000467820624206,-0.043338011539575394
whole milk,sliced cheese,22,210,0.10476190476190476,2363,0.15792287642852368,-0.053160971666618914
rolls/buns,herbs,13,158,0.08227848101265822,1646,0.11000467820624206,-0.027726197193583837
soda,herbs,8,158,0.05063291139240506,1453,0.09710619528169484,-0.04647328388928978
whole milk,herbs,17,158,0.10759493670886076,2363,0.15792287642852368,-0.050327939719662915
other vegetables,herbs,13,158,0.08227848101265822,1827,0.12210118291786407,-0.03982270190520584
yogurt,herbs,17,158,0.10759493670886076,1285,0.08587850030074183,0.021716436408118933
chocolate,fish,3,29,0.10344827586206896,353,0.02359152576355009,0.07985675009851888
canned beer,fish,3,29,0.10344827586206896,702,0.04691572545612511,0.056532550405943856
root vegetables,fish,3,29,0.10344827586206896,1041,0.06957160997126245,0.03387666589080651
tropical fruit,fish,3,29,0.10344827586206896,1014,0.0677671589921807,0.03568111686988826
rolls/buns,sausage,80,903,0.08859357696567,1646,0.11000467820624206,-0.021411101240572064
other vegetables,sausage,90,903,0.09966777408637874,1827,0.12210118291786407,-0.022433408831485327
other vegetables,photo/film,7,79,0.08860759493670886,1827,0.12210118291786407,-0.033493587981155204
chewing gum,photo/film,4,79,0.05063291139240506,180,0.012029673193878232,0.03860323819852683
whole milk,photo/film,9,79,0.11392405063291139,2363,0.15792287642852368,-0.04399882579561229
yogurt,photo/film,4,79,0.05063291139240506,1285,0.08587850030074183,-0.03524558890833677
rolls/buns,oil,20,223,0.08968609865470852,1646,0.11000467820624206,-0.020318579551533544
pork,oil,13,223,0.05829596412556054,555,0.037091492347791216,0.021204471777769324
soda,oil,27,223,0.1210762331838565,1453,0.09710619528169484,0.023970037902161664
whole milk,oil,29,223,0.13004484304932734,2363,0.15792287642852368,-0.027878033379196338
whole milk,frozen meals,29,251,0.11553784860557768,2363,0.15792287642852368,-0.042385027822945995
rolls/buns,frozen meals,22,251,0.08764940239043825,1646,0.11000467820624206,-0.022355275815803807
other vegetables,pip fruit,74,734,0.1008174386920981,1827,0.12210118291786407,-0.02128374422576597
whole milk,pip fruit,99,734,0.13487738419618528,2363,0.15792287642852368,-0.0230454922323384
other vegetables,prosecco,4,19,0.21052631578947367,1827,0.12210118291786407,0.08842513287160961
sausage,prosecco,4,19,0.21052631578947367,903,0.06034886052262247,0.1501774552668512
other vegetables,sparkling wine,3,46,0.06521739130434782,1827,0.12210118291786407,-0.05688379161351624
soda,sparkling wine,3,46,0.06521739130434782,1453,0.09710619528169484,-0.031888803977347016
rolls/buns,sparkling wine,3,46,0.06521739130434782,1646,0.11000467820624206,-0.044787286901894235
whipped/sour cream,sparkling wine,4,46,0.08695652173913043,654,0.043707812604424245,0.04324870913470619
yogurt,sparkling wine,3,46,0.06521739130434782,1285,0.08587850030074183,-0.020661108996394006
waffles,sparkling wine,4,46,0.08695652173913043,277,0.018512330415023724,0.0684441913241067
whole milk,sparkling wine,3,46,0.06521739130434782,2363,0.15792287642852368,-0.09270548512417585
hamburger meat,pasta,7,121,0.05785123966942149,327,0.021853906302212123,0.035997333367209366
beef,pasta,7,121,0.05785123966942149,508,0.03395041101383412,0.023900828655587368
yogurt,pasta,14,121,0.11570247933884298,1285,0.08587850030074183,0.029823979038101148
pip fruit,pasta,10,121,0.08264462809917356,734,0.049054334023925686,0.03359029407524787
whole milk,pasta,16,121,0.1322314049586777,2363,0.15792287642852368,-0.02569147146984599
sausage,pasta,11,121,0.09090909090909091,903,0.06034886052262247,0.03056023038646844
yogurt,brown bread,35,563,0.06216696269982238,1285,0.08587850030074183,-0.02371153760091945
other vegetables,brown bread,46,563,0.08170515097690942,1827,0.12210118291786407,-0.040396031940954646
rolls/buns,brown bread,50,563,0.08880994671403197,1646,0.11000467820624206,-0.021194731492210087
whole milk,brown bread,67,563,0.11900532859680284,2363,0.15792287642852368,-0.03891754783172084
soda,brown bread,43,563,0.0763765541740675,1453,0.09710619528169484,-0.020729641107627345
whole milk,ready soups,4,15,0.26666666666666666,2363,0.15792287642852368,0.10874379023814298
